firstName;lastName;office;password;group
Kristina;Chung;Direction;Pa$$w0rd;dl_Direction
Paige;Chen;Direction;Pa$$w0rd;dl_Direction
Sherri;Melton;Graphisme;Pa$$w0rd;dl_Graph
Gretchen;Hill;Graphisme;Pa$$w0rd;dl_Graph
Karen;Puckett;Graphisme;Pa$$w0rd;dl_Graph
Patrick;Song;Graphisme;Pa$$w0rd;dl_Graph
Elsie;Hamilton;Graphisme;Pa$$w0rd;dl_Graph
Hazel;Bender;Graphisme;Pa$$w0rd;dl_Graph
Malcolm;Wagner;Graphisme;Pa$$w0rd;dl_Graph
Dolores;McLaughlin;Graphisme;Pa$$w0rd;dl_Graph
Francis;McNamara;Graphisme;Pa$$w0rd;dl_Graph
Sandy;Raynor;Graphisme;Pa$$w0rd;dl_Graph
Marion;Moon;Graphisme;Pa$$w0rd;dl_Graph
Beth;Woodard;Graphisme;Pa$$w0rd;dl_Graph
Julia;Desai;Graphisme;Pa$$w0rd;dl_Graph
Jerome;Wallace;Graphisme;Pa$$w0rd;dl_Graph
Neal;Lawrence;Graphisme;Pa$$w0rd;dl_Graph
Jean;Griffin;Graphisme;Pa$$w0rd;dl_Graph
Kristine;Dougherty;Graphisme;Pa$$w0rd;dl_Graph
Crystal;Powers;Graphisme;Pa$$w0rd;dl_Graph
Alex;May;Graphisme;Pa$$w0rd;dl_Graph
Eric;Steele;Graphisme;Pa$$w0rd;dl_Graph
Wesley;Teague;Graphisme;Pa$$w0rd;dl_Graph
Franklin;Vick;Graphisme;Pa$$w0rd;dl_Graph
Claire;Gallagher;Graphisme;Pa$$w0rd;dl_Graph
Marian;Solomon;Graphisme;Pa$$w0rd;dl_Graph
Marcia;Walsh;Graphisme;Pa$$w0rd;dl_Graph
Dwight;Monroe;Graphisme;Pa$$w0rd;dl_Graph
Wayne;Connolly;Graphisme;Pa$$w0rd;dl_Graph
Stephanie;Hawkins;Graphisme;Pa$$w0rd;dl_Graph
Neal;Middleton;Graphisme;Pa$$w0rd;dl_Graph
Gretchen;Goldstein;Graphisme;Pa$$w0rd;dl_Graph
Tim;Watts;Graphisme;Pa$$w0rd;dl_Graph
Jerome;Johnston;Graphisme;Pa$$w0rd;dl_Graph
Shelley;Weeks;Graphisme;Pa$$w0rd;dl_Graph
Priscilla;Wilkerson;Graphisme;Pa$$w0rd;dl_Graph
Elsie;Barton;Graphisme;Pa$$w0rd;dl_Graph
Beth;Walton;Graphisme;Pa$$w0rd;dl_Graph
Erica;Hall;Graphisme;Pa$$w0rd;dl_Graph
Douglas;Ross;Graphisme;Pa$$w0rd;dl_Graph
Donald;Chung;Graphisme;Pa$$w0rd;dl_Graph
Katherine;Bender;Graphisme;Pa$$w0rd;dl_Graph
Paul;Woods;Graphisme;Pa$$w0rd;dl_Graph
Patricia;Mangum;Graphisme;Pa$$w0rd;dl_Graph
Lois;Joseph;Graphisme;Pa$$w0rd;dl_Graph
Louis;Rosenthal;Graphisme;Pa$$w0rd;dl_Graph
Christina;Bowden;Graphisme;Pa$$w0rd;dl_Graph
Darlene;Barton;Graphisme;Pa$$w0rd;dl_Graph
Harvey;Underwood;Graphisme;Pa$$w0rd;dl_Graph
William;Jones;Graphisme;Pa$$w0rd;dl_Graph
Frederick;Baker;Graphisme;Pa$$w0rd;dl_Graph
Shirley;Merritt;Graphisme;Pa$$w0rd;dl_Graph
Jason;Cross;Graphisme;Pa$$w0rd;dl_Graph
Judith;Cooper;Graphisme;Pa$$w0rd;dl_Graph
Gretchen;Holmes;Graphisme;Pa$$w0rd;dl_Graph
Don;Sharpe;Graphisme;Pa$$w0rd;dl_Graph
Glenda;Morgan;Graphisme;Pa$$w0rd;dl_Graph
Scott;Hoyle;Graphisme;Pa$$w0rd;dl_Graph
Pat;Allen;Graphisme;Pa$$w0rd;dl_Graph
Michelle;Rich;Graphisme;Pa$$w0rd;dl_Graph
Jessica;Rich;Graphisme;Pa$$w0rd;dl_Graph
Evan;Grant;Graphisme;Pa$$w0rd;dl_Graph
Melinda;Proctor;Graphisme;Pa$$w0rd;dl_Graph
Calvin;Diaz;Graphisme;Pa$$w0rd;dl_Graph
Eugene;Graham;Graphisme;Pa$$w0rd;dl_Graph
Vickie;Watkins;Graphisme;Pa$$w0rd;dl_Graph
Luis;Hinton;Graphisme;Pa$$w0rd;dl_Graph
Allan;Marsh;Graphisme;Pa$$w0rd;dl_Graph
Melanie;Hewitt;Graphisme;Pa$$w0rd;dl_Graph
Marianne;Branch;Graphisme;Pa$$w0rd;dl_Graph
Natalie;Walton;Graphisme;Pa$$w0rd;dl_Graph
Caroline;O'Brien;Graphisme;Pa$$w0rd;dl_Graph
Arlene;Case;Graphisme;Pa$$w0rd;dl_Graph
Kyle;Watts;Graphisme;Pa$$w0rd;dl_Graph
Calvin;Christensen;Graphisme;Pa$$w0rd;dl_Graph
Gary;Parks;Graphisme;Pa$$w0rd;dl_Graph
Samantha;Hardin;Graphisme;Pa$$w0rd;dl_Graph
Sara;Lucas;Graphisme;Pa$$w0rd;dl_Graph
Stacy;Eason;Graphisme;Pa$$w0rd;dl_Graph
Gladys;Davidson;Graphisme;Pa$$w0rd;dl_Graph
Mike;Whitehead;Graphisme;Pa$$w0rd;dl_Graph
Lynne;Rose;Graphisme;Pa$$w0rd;dl_Graph
Faye;Sparks;Graphisme;Pa$$w0rd;dl_Graph
Diana;Moore;Graphisme;Pa$$w0rd;dl_Graph
Leon;Pearson;Graphisme;Pa$$w0rd;dl_Graph
Ethel;Rodgers;Graphisme;Pa$$w0rd;dl_Graph
Steve;Graves;Graphisme;Pa$$w0rd;dl_Graph
Alison;Scarborough;Graphisme;Pa$$w0rd;dl_Graph
Sherri;Sutton;Graphisme;Pa$$w0rd;dl_Graph
Patsy;Sinclair;Graphisme;Pa$$w0rd;dl_Graph
Kelly;Bowman;Graphisme;Pa$$w0rd;dl_Graph
Stacy;Olsen;Graphisme;Pa$$w0rd;dl_Graph
Curtis;Love;Graphisme;Pa$$w0rd;dl_Graph
Dana;McLean;Graphisme;Pa$$w0rd;dl_Graph
Jennifer;Christian;Graphisme;Pa$$w0rd;dl_Graph
Brett;Lamb;Graphisme;Pa$$w0rd;dl_Graph
Brandon;James;Graphisme;Pa$$w0rd;dl_Graph
Keith;Chandler;Graphisme;Pa$$w0rd;dl_Graph
Joann;Stout;Graphisme;Pa$$w0rd;dl_Graph
Ronnie;Cowan;Graphisme;Pa$$w0rd;dl_Graph
Scott;Golden;Graphisme;Pa$$w0rd;dl_Graph
Gene;Bowling;Graphisme;Pa$$w0rd;dl_Graph
Louise;Beasley;Graphisme;Pa$$w0rd;dl_Graph
Geoffrey;Clapp;Graphisme;Pa$$w0rd;dl_Graph
Patricia;Abrams;Graphisme;Pa$$w0rd;dl_Graph
Jennifer;Tilley;Graphisme;Pa$$w0rd;dl_Graph
Mary;Morse;Graphisme;Pa$$w0rd;dl_Graph
Shawn;Boykin;Graphisme;Pa$$w0rd;dl_Graph
Vincent;Sumner;Graphisme;Pa$$w0rd;dl_Graph
Kurt;Cassidy;Graphisme;Pa$$w0rd;dl_Graph
Danny;Davidson;Graphisme;Pa$$w0rd;dl_Graph
Charlene;Heath;Graphisme;Pa$$w0rd;dl_Graph
Alice;Blanchard;Graphisme;Pa$$w0rd;dl_Graph
Joan;McAllister;Graphisme;Pa$$w0rd;dl_Graph
Betty;McKenzie;Graphisme;Pa$$w0rd;dl_Graph
Danny;Byrne;Graphisme;Pa$$w0rd;dl_Graph
Peggy;Schroeder;Graphisme;Pa$$w0rd;dl_Graph
Leslie;Griffin;Graphisme;Pa$$w0rd;dl_Graph
Marshall;Gross;Graphisme;Pa$$w0rd;dl_Graph
Sara;Perkins;Graphisme;Pa$$w0rd;dl_Graph
Martha;Robertson;Graphisme;Pa$$w0rd;dl_Graph
Jack;Palmer;Graphisme;Pa$$w0rd;dl_Graph
Gayle;Brady;Graphisme;Pa$$w0rd;dl_Graph
Benjamin;Rowe;Graphisme;Pa$$w0rd;dl_Graph
Roberta;Zhang;Graphisme;Pa$$w0rd;dl_Graph
Patricia;Hodge;Graphisme;Pa$$w0rd;dl_Graph
Clifford;Li;Graphisme;Pa$$w0rd;dl_Graph
Joanne;Bowling;Graphisme;Pa$$w0rd;dl_Graph
Martin;Justice;Graphisme;Pa$$w0rd;dl_Graph
Toni;Glass;Graphisme;Pa$$w0rd;dl_Graph
Beth;Willis;Graphisme;Pa$$w0rd;dl_Graph
Jessica;Hester;Graphisme;Pa$$w0rd;dl_Graph
Samantha;Floyd;Graphisme;Pa$$w0rd;dl_Graph
Jimmy;Graves;Graphisme;Pa$$w0rd;dl_Graph
Vincent;Fischer;Graphisme;Pa$$w0rd;dl_Graph
Dianne;Norman;Graphisme;Pa$$w0rd;dl_Graph
Rhonda;Chan;Graphisme;Pa$$w0rd;dl_Graph
Tamara;Hunt;Graphisme;Pa$$w0rd;dl_Graph
Mary;Byrd;Graphisme;Pa$$w0rd;dl_Graph
Sidney;Lane;Graphisme;Pa$$w0rd;dl_Graph
Jeff;Kaplan;Graphisme;Pa$$w0rd;dl_Graph
Sandra;Heller;Graphisme;Pa$$w0rd;dl_Graph
Katie;May;Graphisme;Pa$$w0rd;dl_Graph
Raymond;Jennings;Graphisme;Pa$$w0rd;dl_Graph
Roger;Hanna;Graphisme;Pa$$w0rd;dl_Graph
Natalie;Locklear;Graphisme;Pa$$w0rd;dl_Graph
Kathy;Holloway;Graphisme;Pa$$w0rd;dl_Graph
Troy;Jones;Graphisme;Pa$$w0rd;dl_Graph
Neal;Glover;Graphisme;Pa$$w0rd;dl_Graph
Martin;Vick;Publicite;Pa$$w0rd;dl_Pub
Jack;O'Donnell;Publicite;Pa$$w0rd;dl_Pub
Vincent;Goldman;Publicite;Pa$$w0rd;dl_Pub
Beth;McKenna;Publicite;Pa$$w0rd;dl_Pub
Milton;Starr;Informatique;Pa$$w0rd;dl_Info
Tamara;Stone;Informatique;Pa$$w0rd;dl_Info
Mitchell;McClure;Informatique;Pa$$w0rd;dl_Info
Franklin;Watson;Informatique;Pa$$w0rd;dl_Info
Leroy;Monroe;Publicite;Pa$$w0rd;dl_Pub
Glen;Abbott;Publicite;Pa$$w0rd;dl_Pub
Judith;Singer;Publicite;Pa$$w0rd;dl_Pub
Alice;Hall;Publicite;Pa$$w0rd;dl_Pub
Bruce;Farrell;Publicite;Pa$$w0rd;dl_Pub
Kathleen;Lucas;Publicite;Pa$$w0rd;dl_Pub
Amy;Norman;Publicite;Pa$$w0rd;dl_Pub
Ronnie;Atkins;Publicite;Pa$$w0rd;dl_Pub
Martha;Monroe;Publicite;Pa$$w0rd;dl_Pub
Lynn;Robertson;Informatique;Pa$$w0rd;dl_Info
Jose;Sykes;Informatique;Pa$$w0rd;dl_Info
Robert;Reid;Informatique;Pa$$w0rd;dl_Info
Pauline;Chandler;Informatique;Pa$$w0rd;dl_Info
Stephen;Finch;Informatique;Pa$$w0rd;dl_Info
Peggy;Hobbs;Informatique;Pa$$w0rd;dl_Info
Donna;Adkins;Publicite;Pa$$w0rd;dl_Pub
Doris;Kinney;Publicite;Pa$$w0rd;dl_Pub
Ben;Whitaker;Publicite;Pa$$w0rd;dl_Pub
Kristin;Alexander;Publicite;Pa$$w0rd;dl_Pub
Ryan;Conner;Publicite;Pa$$w0rd;dl_Pub
Tracey;Waters;Publicite;Pa$$w0rd;dl_Pub
Mark;Becker;Publicite;Pa$$w0rd;dl_Pub
Louis;Rollins;Publicite;Pa$$w0rd;dl_Pub
Janet;Love;Informatique;Pa$$w0rd;dl_Info
Leo;Adkins;Informatique;Pa$$w0rd;dl_Info
Constance;Black;Informatique;Pa$$w0rd;dl_Info
Sarah;Fox;Informatique;Pa$$w0rd;dl_Info
Gladys;Hatcher;Informatique;Pa$$w0rd;dl_Info
Hazel;Wu;Informatique;Pa$$w0rd;dl_Info
Hazel;Lloyd;Informatique;Pa$$w0rd;dl_Info
Jerome;Joyce;Informatique;Pa$$w0rd;dl_Info
Vincent;Welch;Informatique;Pa$$w0rd;dl_Info
Kim;Matthews;Informatique;Pa$$w0rd;dl_Info
Joseph;Chappell;Informatique;Pa$$w0rd;dl_Info
Alison;MacDonald;Informatique;Pa$$w0rd;dl_Info
Eric;Kane;Informatique;Pa$$w0rd;dl_Info
Heather;Butler;Informatique;Pa$$w0rd;dl_Info
Claire;Pickett;Publicite;Pa$$w0rd;dl_Pub
Michele;Bowman;Publicite;Pa$$w0rd;dl_Pub
Terry;Barton;Publicite;Pa$$w0rd;dl_Pub
Ken;Kennedy;Publicite;Pa$$w0rd;dl_Pub
Judy;Branch;Publicite;Pa$$w0rd;dl_Pub
Clyde;Thornton;Publicite;Pa$$w0rd;dl_Pub
Timothy;McNeill;Publicite;Pa$$w0rd;dl_Pub
Ted;Weinstein;Publicite;Pa$$w0rd;dl_Pub
Sandra;Middleton;Publicite;Pa$$w0rd;dl_Pub
Billie;Moss;Publicite;Pa$$w0rd;dl_Pub
Katharine;Lucas;Publicite;Pa$$w0rd;dl_Pub
Lester;Rich;Publicite;Pa$$w0rd;dl_Pub
Johnny;Carlton;Publicite;Pa$$w0rd;dl_Pub
Ashley;Brady;Publicite;Pa$$w0rd;dl_Pub
Lauren;Schultz;Informatique;Pa$$w0rd;dl_Info
Carolyn;Nichols;Informatique;Pa$$w0rd;dl_Info
Louis;Harvey;Informatique;Pa$$w0rd;dl_Info
Charlene;Stevenson;Informatique;Pa$$w0rd;dl_Info
Ashley;Houston;Informatique;Pa$$w0rd;dl_Info
Sheryl;Dunn;Informatique;Pa$$w0rd;dl_Info
Ben;West;Informatique;Pa$$w0rd;dl_Info
Linda;O'Brien;Informatique;Pa$$w0rd;dl_Info
Sarah;Barr;Informatique;Pa$$w0rd;dl_Info
Brett;Snyder;Informatique;Pa$$w0rd;dl_Info
Dana;Cain;Informatique;Pa$$w0rd;dl_Info
Rebecca;Heath;Publicite;Pa$$w0rd;dl_Pub
Glenda;Boswell;Publicite;Pa$$w0rd;dl_Pub
Glen;Olsen;Publicite;Pa$$w0rd;dl_Pub
Don;Pittman;Publicite;Pa$$w0rd;dl_Pub
Gregory;Weiner;Publicite;Pa$$w0rd;dl_Pub
Randy;Petersen;Publicite;Pa$$w0rd;dl_Pub
Geraldine;Davis;Publicite;Pa$$w0rd;dl_Pub
Edna;Coleman;Publicite;Pa$$w0rd;dl_Pub
Sidney;Terrell;Publicite;Pa$$w0rd;dl_Pub
Faye;Norman;Publicite;Pa$$w0rd;dl_Pub
Kathy;Burch;Publicite;Pa$$w0rd;dl_Pub
Marguerite;Weiner;Publicite;Pa$$w0rd;dl_Pub
Marvin;Parrott;Publicite;Pa$$w0rd;dl_Pub
Alex;Henry;Publicite;Pa$$w0rd;dl_Pub
Alexander;Gray;Publicite;Pa$$w0rd;dl_Pub
Marsha;Chang;Publicite;Pa$$w0rd;dl_Pub
Karl;McLean;Informatique;Pa$$w0rd;dl_Info
Laura;Eason;Informatique;Pa$$w0rd;dl_Info
Melinda;Weeks;Informatique;Pa$$w0rd;dl_Info
Eva;Siegel;Informatique;Pa$$w0rd;dl_Info
Robert;Puckett;Informatique;Pa$$w0rd;dl_Info
Bill;Heath;Informatique;Pa$$w0rd;dl_Info
Edna;Hoyle;Informatique;Pa$$w0rd;dl_Info
Clifford;Garrett;Informatique;Pa$$w0rd;dl_Info
Penny;Neal;Informatique;Pa$$w0rd;dl_Info
Glenda;Baker;Informatique;Pa$$w0rd;dl_Info
Arthur;Goldman;Informatique;Pa$$w0rd;dl_Info
Wesley;Shaffer;Informatique;Pa$$w0rd;dl_Info
Allison;Choi;Informatique;Pa$$w0rd;dl_Info
Florence;Carver;Informatique;Pa$$w0rd;dl_Info
Claire;Shelton;Informatique;Pa$$w0rd;dl_Info
Jeremy;House;Informatique;Pa$$w0rd;dl_Info
Christy;Lyons;Informatique;Pa$$w0rd;dl_Info
Wesley;Moser;Informatique;Pa$$w0rd;dl_Info
Lucy;Dickinson;Informatique;Pa$$w0rd;dl_Info
Susan;Abbott;Publicite;Pa$$w0rd;dl_Pub
Nancy;Hobbs;Publicite;Pa$$w0rd;dl_Pub
Monica;Dodson;Publicite;Pa$$w0rd;dl_Pub
Justin;Spencer;Publicite;Pa$$w0rd;dl_Pub
Margaret;Burgess;Publicite;Pa$$w0rd;dl_Pub
Philip;Liu;Publicite;Pa$$w0rd;dl_Pub
Miriam;Wong;Publicite;Pa$$w0rd;dl_Pub
Miriam;Blackburn;Publicite;Pa$$w0rd;dl_Pub
Christopher;McKay;Publicite;Pa$$w0rd;dl_Pub
Joanna;Middleton;Publicite;Pa$$w0rd;dl_Pub
Stacy;Frazier;Publicite;Pa$$w0rd;dl_Pub
Janice;Reid;Publicite;Pa$$w0rd;dl_Pub
Brian;Braswell;Publicite;Pa$$w0rd;dl_Pub
Juan;Steele;Publicite;Pa$$w0rd;dl_Pub
Leroy;Donovan;Publicite;Pa$$w0rd;dl_Pub
Tommy;Barrett;Publicite;Pa$$w0rd;dl_Pub
Alice;Nance;Publicite;Pa$$w0rd;dl_Pub
Adam;Washington;Publicite;Pa$$w0rd;dl_Pub
Larry;Rogers;Publicite;Pa$$w0rd;dl_Pub
Angela;McMahon;Publicite;Pa$$w0rd;dl_Pub
Lawrence;Miles;Publicite;Pa$$w0rd;dl_Pub
Glen;Kramer;Publicite;Pa$$w0rd;dl_Pub
Valerie;Jennings;Informatique;Pa$$w0rd;dl_Info
Meredith;Bowles;Informatique;Pa$$w0rd;dl_Info
Jan;Brown;Informatique;Pa$$w0rd;dl_Info
Lillian;Bolton;Informatique;Pa$$w0rd;dl_Info
Allen;Craven;Informatique;Pa$$w0rd;dl_Info
Ashley;Hendrix;Informatique;Pa$$w0rd;dl_Info
Ian;Nichols;Informatique;Pa$$w0rd;dl_Info
Gina;Saunders;Informatique;Pa$$w0rd;dl_Info
Donna;Lehman;Informatique;Pa$$w0rd;dl_Info
Catherine;Sherrill;Informatique;Pa$$w0rd;dl_Info
Lester;Cash;Informatique;Pa$$w0rd;dl_Info
Jacob;Pittman;Informatique;Pa$$w0rd;dl_Info
Nancy;Sullivan;Informatique;Pa$$w0rd;dl_Info
Gail;Whitehead;Informatique;Pa$$w0rd;dl_Info
Lloyd;Mack;Informatique;Pa$$w0rd;dl_Info
Donna;Rice;Informatique;Pa$$w0rd;dl_Info
Kay;Ayers;Informatique;Pa$$w0rd;dl_Info
Wendy;Cherry;Informatique;Pa$$w0rd;dl_Info
Lucille;Richmond;Informatique;Pa$$w0rd;dl_Info
Virginia;York;Informatique;Pa$$w0rd;dl_Info
Bruce;Wiley;Informatique;Pa$$w0rd;dl_Info
Marc;Harrington;Informatique;Pa$$w0rd;dl_Info
Geoffrey;Reed;Informatique;Pa$$w0rd;dl_Info
Tiffany;Nash;Informatique;Pa$$w0rd;dl_Info
